Plasmid_28	Plasmid_28_contaminant	Plasmid_28_expression	Plasmid_28_mixture
0.9859219939995384	0.959830808321749	0.026099782695380665	0.9859305910171298
0.010962381721670899	0.0035830951320799114	0.006807712938451886	0.010390808070531799
0.0021924763443341797	3.589509884021723e-5	0.002291796582452496	0.0023276916812927134
0.00023078698361412417	3.743655504263825e-7	0.0008346119339222624	0.0008349862994726886
0.00023078698361412417	3.95999762586922e-9	0.0003153037532015576	0.00031530771319918354
0.00023078698361412417	4.2133385858348503e-11	0.00012167727967843413	0.00012167732181181997
0.00011539349180706209	4.4937614513381293e-13	4.761295973705912e-5	4.761296018643527e-5
0	4.796757928462285e-15	1.8814626201471095e-5	1.8814626206267853e-5
0.00011539349180706209	5.120148620577151e-17	7.489061570601765e-6	7.489061570652966e-6
