Plasmid_75	Plasmid_75_contaminant	Plasmid_75_expression	Plasmid_75_mixture
0.9594816748863746	0.8702624784271891	0.08926871322644518	0.9595311916536342
0.03249202204815782	0.008109894923657643	0.02328159971481448	0.03139149463847212
0.005318634561454405	7.432411054570086e-5	0.006426203373522592	0.006500527484068293
0.0018373464848660671	6.274425402581644e-7	0.0018292618197414863	0.0018298892622817444
0.00048351223285949136	5.005872007835711e-9	0.0005286503422265971	0.0005286553480986049
9.670244657189827e-5	3.8304865059877624e-11	0.0001541376030666199	0.00015413764137148494
0.00019340489314379654	2.837455333916728e-13	4.520412666055707e-5	4.520412694430261e-5
0	2.0475287472899924e-15	1.3311854637725298e-5	1.331185463977283e-5
9.670244657189827e-5	1.4457704298407186e-17	3.932187742561105e-6	3.932187742575563e-6
