Plasmid_74	Plasmid_74_contaminant	Plasmid_74_expression	Plasmid_74_mixture
0.9789188666473262	0.9449135182623187	0.034015491125823416	0.9789290093881422
0.015955903684363216	0.004890282874600752	0.010622631325444151	0.015512914200044903
0.003191180736872643	4.235119842484397e-5	0.0035841506559445586	0.0036265018543694023
0.0012571318054346776	3.613139877708247e-7	0.0012466512838954548	0.0012470125978832254
0.0003868097862875931	3.033587991336109e-9	0.0004400929477369846	0.000440095981324976
9.670244657189827e-5	2.5114037942564633e-11	0.00015672572405308612	0.00015672574916712406
9.670244657189827e-5	2.0541460234659504e-13	5.61359828605314e-5	5.613598306594601e-5
0	1.6627663499533084e-15	2.0189239377321455e-5	2.0189239378984228e-5
9.670244657189827e-5	1.3338572147131772e-17	7.283255692496021e-6	7.283255692509358e-6
