Plasmid_68	Plasmid_68_contaminant	Plasmid_68_expression	Plasmid_68_mixture
0.9999032975534281	0.9998702009499503	3.2950031334083584e-5	0.9999031509812843
0	3.741972973840856e-5	1.9394231658928264e-5	5.681396139733682e-5
0	9.174772670812435e-7	1.2554102440128968e-5	1.3471579707210214e-5
0	2.3174780320480928e-8	8.372296262474347e-6	8.395471042794825e-6
9.670244657189827e-5	5.939543230051558e-10	5.665453070384433e-6	5.6660470247074385e-6
