Plasmid_42	Plasmid_42_contaminant	Plasmid_42_expression	Plasmid_42_mixture
0.9952688668359104	0.977965768416195	0.017303953343567744	0.9952697217597627
0.004038772213247173	0.0010676590151458439	0.002855471766605495	0.003923130781751339
0.00046157396722824835	5.006997603041152e-6	0.0006138691216487565	0.0006188761192517976
0.00011539349180706209	2.4833196454557658e-8	0.0001426102785520936	0.00014263511174854816
0.00011539349180706209	1.2610211443771774e-10	3.4358641042750206e-5	3.435876714486465e-5
