Plasmid_53	Plasmid_53_contaminant	Plasmid_53_expression	Plasmid_53_mixture
0.9830770718499178	0.9590611106289199	0.024025348812285928	0.9830864594412058
0.012668020500918673	0.004106792241290453	0.00805764477261136	0.01216443701390181
0.0024175611642974566	3.693879589803029e-5	0.0029317351438180646	0.0029686739397160947
0.001063726912290881	3.3180933753667826e-7	0.0010994918277734285	0.001099823637110965
0.00048351223285949136	2.9593387638497934e-9	0.0004184798158473431	0.0004184827751861069
0.00019340489314379654	2.61896239219091e-11	0.0001606733145007006	0.00016067334069032454
0	2.3008649109188774e-13	6.204596089439254e-5	6.204596112447903e-5
0	2.0080396718664526e-15	2.4057931010594526e-5	2.4057931012602566e-5
9.670244657189827e-5	1.7420499850298206e-17	9.356823207160841e-6	9.356823207178265e-6
