Plasmid_75	Plasmid_75_contaminant	Plasmid_75_expression	Plasmid_75_mixture
0.9510731594738057	0.8737902900095945	0.07731350032058	0.9511037903301744
0.035310408492961	0.011898026385227948	0.02278127178154312	0.034679298166771066
0.008423724901915532	0.00019443254957041608	0.008333113720896405	0.00852754627046682
0.002654050311562428	3.0794920648033217e-6	0.003309934736198605	0.003313014228263409
0.0011539349180706207	4.7479984968593306e-8	0.001365588434947468	0.0013656359149324367
0.0009231479344564967	7.164835388041716e-10	0.0005757619680965055	0.0005757626845800443
0	1.0625475670904037e-11	0.00024619813200598925	0.00024619814263146495
0.0003461804754211862	1.5532870835559104e-13	0.00010632265920158	0.00010632265935690872
0.00011539349180706209	2.243374676131305e-15	4.625460860876879e-5	4.625460861101216e-5
