Plasmid_77	Plasmid_77_contaminant	Plasmid_77_expression	Plasmid_77_mixture
0.9721496953872933	0.9030045959863634	0.06916896407848926	0.9721735600648526
0.022821777390967992	0.00563912081694958	0.016459750108225892	0.02209887092517547
0.0034812880765883376	4.025957037785494e-5	0.004187892376263666	0.004228151946641521
0.0005802146794313896	2.7185333725249043e-7	0.0010987388733277163	0.0010990107266649687
0.0008703220191470844	1.7620859439165085e-9	0.00029261690191963765	0.00029261866400558155
9.670244657189827e-5	1.1070242797367346e-11	7.861869392904973e-5	7.861870499929254e-5
