Plasmid_56	Plasmid_56_noise	Plasmid_56_expression	Plasmid_56_mixture
0.9336183858898984	0.8903552619243854	0.04328112507939035	0.9336363870037757
0.02501336183858899	0.003933854498906775	0.020120515027971537	0.02405436952687831
0.01047568145376804	2.490713904643219e-5	0.012413858938404623	0.012438766077451055
0.009299839657936931	1.5484711166767638e-7	0.008325658547881197	0.008325813394992864
0.005665419561731695	9.474800895557915e-10	0.005804782593835373	0.005804783541315462
0.004596472474612506	5.716785870402394e-12	0.004139316185611917	0.0041393161913287025
0.002779262426509888	3.408390334179474e-14	0.002995429381194835	0.0029954293812289186
0.0023516835916622125	2.0115271113367356e-16	0.0021902416667043366	0.002190241666704538
0.0010689470871191875	1.1767870128770634e-18	0.0016138748663912593	0.0016138748663912603
0.0011758417958311063	6.832198656122148e-21	0.0011962740830758635	0.0011962740830758635
0.0010689470871191875	3.9401697929453755e-23	0.0008909358575023837	0.0008909358575023837
0.0007482629609834314	2.2588633876982592e-25	0.0006660946720959332	0.0006660946720959332
0.0008551576696953501	1.2881255119002994e-27	0.0004995916629151658	0.0004995916629151658
0.0005344735435595938	7.310519265444069e-30	0.0003757220681045948	0.0003757220681045948
0.00021378941742383753	4.1309875727884685e-32	0.00028321773432529376	0.00028321773432529376
0	2.325096567816636e-34	0.0002139148014520472	0.0002139148014520472
0	1.3039251927840438e-36	0.00016185200324984628	0.00016185200324984628
0.00010689470871191876	7.288085276784641e-39	0.0001226484316486569	0.0001226484316486569
0.00010689470871191876	4.0609944226506167e-41	9.306741087769315e-5	9.306741087769315e-5
0.00010689470871191876	2.256346088501852e-43	7.070693075234299e-5	7.070693075234299e-5
0	1.2503129690039281e-45	5.377762510602999e-5	5.377762510602999e-5
0.00010689470871191876	6.911105932977122e-48	4.094216503560574e-5	4.094216503560574e-5
0.00010689470871191876	3.811187794763912e-50	3.119824114522787e-5	3.119824114522787e-5
