Plasmid_71	Plasmid_71_noise	Plasmid_71_expression	Plasmid_71_mixture
0.9637626937466596	0.8923572551427199	0.0719796637580588	0.9643369189007787
0.021913415285943347	0.0012108719492021362	0.01874591547839639	0.019956787427598526
0.006841261357562801	3.150189478995198e-6	0.00790144721606127	0.007904597405540266
0.003634420096205238	8.10652040664268e-9	0.003765665297937292	0.003765673404457699
0.001389631213254944	2.08970352185019e-11	0.0018974892764160574	0.0018974892973130926
0.0011758417958311063	5.380123382561934e-14	0.0009871738600601154	0.0009871738601139165
0.0005344735435595938	1.3816425424135667e-16	0.0005243400272866653	0.0005243400272868034
0.00010689470871191876	3.5379228632555433e-19	0.00028258557009285413	0.0002825855700928545
0.00010689470871191876	9.033394737163005e-22	0.00015394464234996758	0.00015394464234996758
0.00021378941742383753	2.300167806824405e-24	8.456337351412802e-5	8.456337351412802e-5
0.00021378941742383753	5.8418294786425505e-27	4.6758530362295824e-5	4.6758530362295824e-5
0.00010689470871191876	1.4801225454061632e-29	2.5993572115296625e-5	2.5993572115296625e-5
