Plasmid_20	Plasmid_20_noise	Plasmid_20_expression	Plasmid_20_mixture
0.99525	0.9858387669385515	0.009411249825356419	0.995250016763908
0.00375	0.00013979039103322806	0.0035813909777772427	0.003721181368810471
0.00075	1.6621525734883105e-7	0.0008417650488579625	0.0008419312641153113
0.00025	1.6786195050604183e-10	0.00015702363581983982	0.0001570238036817903
