Plasmid_82	Plasmid_82_noise	Plasmid_82_expression	Plasmid_82_mixture
0.999893105291288	0.9998825220798057	1.047702144542478e-5	0.9998929991012511
0	6.051638510840786e-6	2.2058184398421708e-5	2.8109822909262493e-5
0	1.5098210462360344e-8	2.5542544473467303e-5	2.5557642683929664e-5
0.00010689470871191876	3.116170433517197e-11	2.15107566158994e-5	2.1510787777603735e-5
