Plasmid_24	Plasmid_24_contaminant	Plasmid_24_expression	Plasmid_24_mixture
0.9983844911147012	0.9920022170311443	0.006382038367059433	0.9983842553982037
0.001269328409877683	0.0003652298156397313	0.0009904556885977597	0.0013556855042374907
0.0003461804754211862	1.4689161545167957e-6	0.00020129134560350803	0.0002027602617580248
