Plasmid_76	Plasmid_76_contaminant	Plasmid_76_expression	Plasmid_76_mixture
0.9792089739870419	0.9364583887520948	0.04276504944514247	0.9792234381972372
0.016632820810366503	0.004526454868105544	0.01147340339648586	0.015999858264591403
0.002901073397156948	3.274377003744379e-5	0.0033205502440393215	0.003353294014076765
0.0007736195725751862	2.3122908837212305e-7	0.0009907421310836964	0.0009909733601720686
9.670244657189827e-5	1.5978143618491565e-9	0.0003000277300705242	0.00030002932788488607
0.00019340489314379654	1.0843336065140292e-11	9.165626503409622e-5	9.165627587743229e-5
9.670244657189827e-5	7.248677394482759e-14	2.816240799946795e-5	2.8162408071954722e-5
0	4.784401300026867e-16	8.688722871146307e-6	8.688722871624749e-6
9.670244657189827e-5	3.1236119308602625e-18	2.688869111328019e-6	2.6888691113311425e-6
