Plasmid_53	Plasmid_53_contaminant	Plasmid_53_expression	Plasmid_53_mixture
0.9798061389337641	0.9327883984402088	0.047029424089611256	0.97981782252982
0.015924301869374567	0.004746546443728477	0.010757370762876998	0.015503917206605473
0.0024232633279483036	4.2918163130578285e-5	0.003145077095562658	0.0031879952586932364
0.0013847219016847449	3.9375962480503574e-7	0.000995810544001293	0.0009962043036260979
0.00023078698361412417	3.609434049317645e-9	0.0003271798646148822	0.00032718347404893155
0.00023078698361412417	3.294489900101567e-11	0.0001098184304852647	0.00010981846343016371
