Plasmid_24	Plasmid_24_contaminant	Plasmid_24_expression	Plasmid_24_mixture
0.9956150473113317	0.9783624955726371	0.01725253739144072	0.9956150329640779
0.0034618047542118624	0.00011960983053645889	0.0033621415106617984	0.003481751341198257
0.0006923609508423724	7.311457473943127e-9	0.0007077383245922273	0.000707745636049701
0.00023078698361412417	2.979543858199524e-13	0.00015270241385153356	0.00015270241414948795
