Plasmid_68	Plasmid_68_contaminant	Plasmid_68_expression	Plasmid_68_mixture
0.9999032975534281	0.9998653951851572	3.783072957408104e-5	0.9999032259147312
0	5.3754567031956026e-6	2.9970972645975655e-5	3.534642934917126e-5
0	1.3483031304112663e-8	2.107438416960223e-5	2.108786720090634e-5
9.670244657189827e-5	3.2393936398627444e-11	1.4192924034275173e-5	1.419295642821157e-5
