Plasmid_20	Plasmid_20_noise	Plasmid_20_expression	Plasmid_20_mixture
0.9981766084917948	0.9956675453751035	0.002508923429555621	0.9981764688046592
0.0014326647564469914	0.0004104400329783218	0.0010938055875242638	0.0015042456205025857
0.00039072675175827037	3.933983736796432e-6	0.0002622388234706796	0.000266172807207476
