Plasmid_69	Plasmid_69_noise	Plasmid_69_expression	Plasmid_69_mixture
0.9522125912408759	0.7102518299848705	0.24214828193143167	0.9524001119163021
0.03832116788321168	0.007737238869287951	0.029503362640859586	0.037240601510147534
0.006272810218978102	0.00011442958806214894	0.007107728556609172	0.00722215814467132
0.002166970802919708	1.573229761392238e-6	0.002106842619236109	0.002108415848997501
0.0005702554744525547	2.100544158885442e-8	0.0006780629020906625	0.0006780839075322513
0.00011405109489051095	2.7471216556531907e-10	0.0002281382523950096	0.00022813852710717517
0.0002281021897810219	3.5345745336501465e-12	7.895252822193434e-5	7.895253175650887e-5
0	4.488349053196499e-14	2.786266375775317e-5	2.786266380263666e-5
0.00011405109489051095	5.638037402789919e-16	9.975135286483627e-6	9.97513528704743e-6
