Plasmid_49	Plasmid_49_noise	Plasmid_49_expression	Plasmid_49_mixture
0.9772076061474342	0.9702269265442341	0.003084824407923579	0.9733117509521578
0.017973430580880436	0.006922508176469199	0.009760977122489635	0.016683485298958835
0.0027350872623078926	5.78488386954672e-5	0.0088153127122182	0.008873161550913668
0.0015629070070330815	3.209141164899516e-7	0.0013309917999704505	0.0013313127140869407
0.00026048450117218026	1.6663096872285912e-9	-0.00028399918985326137	-0.00028399752354357413
0.00026048450117218026	7.577730323783431e-12	0.00013227098842234108	0.00013227099600007138
