Plasmid_69	Plasmid_69_noise	Plasmid_69_expression	Plasmid_69_mixture
0.9447772857514978	0.9267636609226193	0.009239853025220412	0.9360035139478398
0.03985412867934358	0.01770874239405106	0.01983782084926765	0.03754656324331871
0.009507684292784578	0.00030075602894019665	0.017049295865428638	0.01735005189436883
0.002995571763480073	4.07720573603189e-6	0.0073471101259954446	0.007351187331731476
0.0013024225058609013	4.866864318099466e-8	0.0015995682328314807	0.001599616901474662
0.001041938004688721	5.262104879986183e-10	0.00014689381252915815	0.00014689433873964615
0	5.248225611431627e-12	2.1007152969903938e-6	2.1007205452160056e-6
0.00039072675175827037	4.896548415444787e-14	7.46137925219562e-8	7.461384148744036e-8
0.00013024225058609013	4.315340165070311e-16	-3.523612425129954e-9	-3.523611993595937e-9
