Plasmid_49	Plasmid_49_noise	Plasmid_49_expression	Plasmid_49_mixture
0.9800410583941606	0.897212046660107	0.0828575410219403	0.9800695876820473
0.014940693430656935	0.00447575065787903	0.010199397202649518	0.014675147860528547
0.0028512773722627737	6.313389041542903e-5	0.00313218500035852	0.003195318890773949
0.0012545620437956204	8.808829612046867e-7	0.0011854010734214293	0.001186281956382634
0.0005702554744525547	1.2587044762105174e-8	0.000488585309800127	0.0004885978968448891
0.0002281021897810219	1.828293460022211e-10	0.0002110911840184492	0.0002110913668477952
0	2.682756699550234e-12	9.398516954670249e-5	9.398517222945919e-5
0	3.963438142575473e-14	4.2729135332616136e-5	4.2729135372250516e-5
0.00011405109489051095	5.883784832467667e-16	1.972720980373875e-5	1.972720980432713e-5
