Plasmid_34	Plasmid_34_noise	Plasmid_34_expression	Plasmid_34_mixture
0.9757071167883211	0.8778469027824318	0.09802260596084965	0.9758695087432815
0.017335766423357664	0.0068212121557173384	0.00894952230806283	0.01577073446378017
0.0033074817518248174	0.0001708923905264021	0.0034735929222143845	0.0036444853127407867
0.0013686131386861315	4.653319913681769e-6	0.001806435987772358	0.0018110893076860397
0.0006843065693430657	1.342889586200585e-7	0.0010447629502038373	0.0010448972391624573
0.0004562043795620438	4.010910875006813e-9	0.0006393867493244033	0.0006393907602352784
0.00034215328467153286	1.2248611958610484e-10	0.00040551903548241195	0.00040551915796853156
0.0002281021897810219	3.79886096575644e-12	0.00026361704230442543	0.0002636170461032864
0	1.1916980114967518e-13	0.00017449816635330416	0.00017449816647247397
0	3.7710819366523656e-15	0.00011711589584288627	0.00011711589584665736
0.00011405109489051095	1.201587170568489e-16	7.946664941025273e-5	7.946664941037289e-5
0.00011405109489051095	3.850018394252975e-18	5.439958545964848e-5	5.439958545965233e-5
0.0002281021897810219	1.2392686277116075e-19	3.7512913681575415e-5	3.751291368157554e-5
0	4.004436322277997e-21	2.602755721635366e-5	2.6027557216353662e-5
0	1.2981958236452472e-22	1.8153438701291325e-5	1.8153438701291325e-5
0	4.220494382461418e-24	1.271874601536106e-5	1.271874601536106e-5
0.00011405109489051095	1.3754685846299698e-25	8.946169283822624e-6	8.946169283822624e-6
