Plasmid_38	Plasmid_38_noise	Plasmid_38_expression	Plasmid_38_mixture
0.9946600677259703	0.9931352576844171	0.0006554291639971518	0.9937906868484143
0.0045584787705131545	0.001518664832078213	0.0026610232152411285	0.004179688047319342
0.0005209690023443605	6.140737563780329e-6	0.0023056806989834307	0.002311821436547211
0.00013024225058609013	4.448737392020198e-9	-0.0004547930897663348	-0.00045478864102894284
0.00013024225058609013	2.320013507929992e-11	0.00033450372076952235	0.00033450374396965746
