Plasmid_68	Plasmid_68_noise	Plasmid_68_expression	Plasmid_68_mixture
0.9751368613138686	0.9678408667078637	0.004008467086689254	0.971849333794553
0.018818430656934306	0.00723362918053437	0.00973324712805564	0.016966876308590007
0.0037636861313868615	6.197079706854175e-5	0.0082744546558922	0.008336425452960743
0.0014826642335766423	3.9238579792770324e-7	0.0026872523160563623	0.0026876447018542903
0.0004562043795620438	2.230978922911704e-9	0.00017116413598720505	0.00017116636696612797
0.00011405109489051095	1.1569686431359853e-11	-1.3804753515448834e-5	-1.38047419457624e-5
0.00011405109489051095	5.5048792562343244e-14	2.9951657773997402e-6	2.9951658324485326e-6
0	2.456286510314413e-16	-8.452285376770983e-7	-8.452285374314695e-7
0.00011405109489051095	1.0345175240165472e-18	2.85477506260358e-7	2.8547750626139245e-7
