Plasmid_69	Plasmid_69_noise	Plasmid_69_expression	Plasmid_69_mixture
0.9447772857514978	0.7658198965252089	0.17900023644360774	0.9448201329688166
0.03985412867934358	0.011630310703376915	0.028082889749073924	0.03971320045245084
0.009507684292784578	0.00026151248609422193	0.008916361329431364	0.009177873815525586
0.002995571763480073	5.669671447219343e-6	0.0035097815413361786	0.003515451212783398
0.0013024225058609013	1.2158627255488471e-7	0.0015040717298348545	0.0015041933161074094
0.001041938004688721	2.584632572891289e-9	0.0006745759181028277	0.0006745785027354005
0	5.452966534998785e-11	0.0003113897126641663	0.00031138976719383165
0.00039072675175827037	1.1430883363408772e-12	0.00014663733678114	0.00014663733792422834
0.00013024225058609013	2.3831027013182114e-14	7.007311687792023e-5	7.007311690175125e-5
