Plasmid_69	Plasmid_69_noise	Plasmid_69_expression	Plasmid_69_mixture
0.9522125912408759	0.9394369363767329	0.007170057712779444	0.9466069940895123
0.03832116788321168	0.012641575899663957	0.02054702948741937	0.033188605387083334
0.006272810218978102	0.00013300921908448857	0.01736688851019296	0.017499897729277448
0.002166970802919708	1.062400903894856e-6	0.0030278732718717763	0.0030289356727756715
0.0005702554744525547	7.300138247952681e-9	-0.00044220957900274565	-0.00044220227886449773
0.00011405109489051095	4.4110016397164696e-11	0.0001743868895913185	0.00017438693370133487
0.0002281021897810219	2.410569599078182e-13	-8.942467347077125e-5	-8.94246732297143e-5
0	1.2110664142797631e-15	5.428994327624767e-5	5.428994327745872e-5
0.00011405109489051095	5.656178199615444e-18	-3.682132762349024e-5	-3.682132762348457e-5
