Plasmid_38	Plasmid_38_noise	Plasmid_38_expression	Plasmid_38_mixture
0.9946600677259703	0.9535978322707442	0.041075027665753966	0.9946728599364982
0.0045584787705131545	0.0011630555716839013	0.003267956380470479	0.00443101195215438
0.0005209690023443605	1.2369963974410569e-5	0.0006609970184997982	0.0006733669824742088
0.00013024225058609013	1.195084794427576e-7	0.0001623079194170645	0.00016242742789650724
0.00013024225058609013	1.1726536216779473e-9	4.329550515593328e-5	4.3296677809554964e-5
