Plasmid_68	Plasmid_68_noise	Plasmid_68_expression	Plasmid_68_mixture
0.9751368613138686	0.8756821980448448	0.09949151501116354	0.9751737130560083
0.018818430656934306	0.005288300273990384	0.01331154584694552	0.018599846120935903
0.0037636861313868615	7.321267468462727e-5	0.003883852945349833	0.0039570656200344605
0.0014826642335766423	9.835603541647053e-7	0.0013760983630061684	0.0013770819233603331
0.0004562043795620438	1.3340615099031115e-8	0.0005282242178392505	0.0005282375584543496
0.00011405109489051095	1.8218611569114958e-10	0.00021194097082505214	0.00021194115301116783
0.00011405109489051095	2.4965704946453404e-12	8.74786649549121e-5	8.74786674514826e-5
0	3.427276120131775e-14	3.6824646280262344e-5	3.6824646314535106e-5
0.00011405109489051095	4.709275497792505e-16	1.5727841375387426e-5	1.5727841375858352e-5
