Plasmid_70	Plasmid_70_noise	Plasmid_70_expression	Plasmid_70_mixture
0.9754790145985401	0.9686775340907708	0.004182047831241507	0.9728595819220124
0.019616788321167884	0.006748766594086308	0.010160308564580094	0.016909075158666402
0.0034215328467153286	5.241719910646759e-5	0.008117871134477464	0.008170288333583933
0.0009124087591240876	2.9521066401605756e-7	0.002080745383474451	0.0020810405941384677
0.00011405109489051095	1.4970199913355853e-9	-2.561491561710054e-5	-2.5613418597109205e-5
0.0002281021897810219	6.86378940284112e-12	7.1671918321135284e-6	7.16719869590293e-6
0.00011405109489051095	2.870307821259287e-14	-2.0864804403598095e-6	-2.0864804116567305e-6
0	1.1246686314320494e-16	7.731693921287175e-7	7.731693922411842e-7
0.00011405109489051095	4.1361488842880983e-19	-3.30880197552054e-7	-3.3088019755164035e-7
