Plasmid_49	Plasmid_49_noise	Plasmid_49_expression	Plasmid_49_mixture
0.9772076061474342	0.8541717948855113	0.12305593344570354	0.9772277283312149
0.017973430580880436	0.004850965459541736	0.012826715347724081	0.017677680807265818
0.0027350872623078926	7.266817928368519e-5	0.003334312721958721	0.003406980901242406
0.0015629070070330815	1.0470467589167671e-6	0.0010775268457286409	0.0010785738924875576
0.00026048450117218026	1.529381536909066e-8	0.00038004697801590837	0.00038006227183127745
0.00026048450117218026	2.259878010662933e-10	0.0001406097009875252	0.00014060992697532626
