Plasmid_71	Plasmid_71_noise	Plasmid_71_expression	Plasmid_71_mixture
0.9671532846715328	0.9584384454926128	0.004344284354562852	0.9627827298471757
0.026916058394160582	0.008647907661610263	0.015052086248589523	0.023699993910199786
0.004105839416058394	6.656274051092111e-5	0.013226152743308742	0.013292715483819665
0.0006843065693430657	3.6697926596850356e-7	0.00025876621491900334	0.0002591331941849718
0.0010264598540145986	1.7900176403026733e-9	-5.6457417542644745e-5	-5.6455627525004434e-5
0.00011405109489051095	7.486340003992008e-12	3.9259163122643124e-5	3.925917060898313e-5
