Plasmid_49	Plasmid_49_noise	Plasmid_49_expression	Plasmid_49_mixture
0.9800410583941606	0.9739816612064028	0.0033251223629935413	0.9773067835693964
0.014940693430656935	0.006008509490336922	0.007509467572026557	0.01351797706236348
0.0028512773722627737	5.057433600987385e-5	0.0063677342239017755	0.0064183085599116485
0.0012545620437956204	3.116219344138537e-7	0.002408066385104945	0.0024083780070393583
0.0005702554744525547	1.7305042008869782e-9	0.0003466052926661746	0.0003466070231703754
0.0002281021897810219	8.929567663250853e-12	1.9075749034043704e-6	1.907583832972033e-6
0	4.261220840505135e-14	4.1309710685757614e-8	4.1309753297966016e-8
0	1.914950843654745e-16	-3.78354201165414e-9	-3.7835418201590554e-9
0.00011405109489051095	8.184385757077123e-19	8.322338935164744e-10	8.32233894334913e-10
