Plasmid_24	Plasmid_24_noise	Plasmid_24_expression	Plasmid_24_mixture
0.984110445428497	0.9183558177442138	0.06585496509736488	0.9842107828415787
0.012373013805678562	0.003827461045235592	0.007948729189095711	0.011776190234331303
0.0024746027611357124	6.11230882334451e-5	0.0024108564630136785	0.0024719795512471235
0.00026048450117218026	9.663775133403449e-7	0.0008978266200610594	0.0008987929975743998
0.00026048450117218026	1.5773810639319913e-8	0.00036399454351321786	0.0003640103173238572
0.00026048450117218026	2.6344512532439734e-10	0.0001546662175415343	0.00015466648098665963
0.00013024225058609013	4.465049184204545e-12	6.772145850363444e-5	6.772146296868362e-5
0	7.644593467534114e-14	3.0277140462276055e-5	3.027714053872199e-5
0.00013024225058609013	1.3184964413861663e-15	1.3745744140641705e-5	1.3745744141960201e-5
