Plasmid_24	Plasmid_24_noise	Plasmid_24_expression	Plasmid_24_mixture
0.984110445428497	0.9789812330663358	0.0032079342442834003	0.9821891673106192
0.012373013805678562	0.005078442009754053	0.00587165670239525	0.010950098712149305
0.0024746027611357124	5.040620596382606e-5	0.004489135427156374	0.0045395416331202
0.00026048450117218026	3.6181425541767127e-7	0.001837835708827796	0.0018381975230832139
0.00026048450117218026	2.317968006723166e-9	0.00042635324876399793	0.00042635556673200465
0.00026048450117218026	1.4137908524397742e-11	5.363729133590197e-5	5.36373054738105e-5
0.00013024225058609013	8.14906102689849e-14	2.9804767010335423e-6	2.980476782524153e-6
0	4.451352081600592e-16	2.1448025230527235e-8	2.1448025675662445e-8
0.00013024225058609013	2.3313807921462535e-18	1.3215105396097758e-11	1.3215107727478548e-11
