Plasmid_20	Plasmid_20_noise	Plasmid_20_expression	Plasmid_20_mixture
0.9981766084917948	0.0	0.9975828156454376	0.9975828156454376
0.0014326647564469914	0.0	0.0021550050924764937	0.0021550050924764937
0.00039072675175827037	0.0	0.00021577115505184188	0.00021577115505184188
