Plasmid_70	Plasmid_70_noise	Plasmid_70_expression	Plasmid_70_mixture
0.9754790145985401	0.858100220987587	0.11749864413966367	0.9755988651272507
0.019616788321167884	0.004847787151648521	0.014115010690553084	0.018962797842201604
0.0034215328467153286	6.068820505829607e-5	0.0036385276090516697	0.0036992158141099657
0.0009124087591240876	7.231587344969407e-7	0.0011376828303557714	0.0011384059890902683
0.00011405109489051095	8.635510025335144e-9	0.00038520230046987724	0.00038521093597990256
0.0002281021897810219	1.0342452229751963e-10	0.00013628730391597614	0.00013628740734049845
0.00011405109489051095	1.2395037871292642e-12	4.959396307319252e-5	4.959396431269631e-5
0	1.4850608508342102e-14	1.8403196161634767e-5	1.8403196176485375e-5
0.00011405109489051095	1.7780249225824714e-16	6.928019859848831e-6	6.928019860026633e-6
