Plasmid_71	Plasmid_71_noise	Plasmid_71_expression	Plasmid_71_mixture
0.9671532846715328	0.7849000703926996	0.18236195662300553	0.9672620270157051
0.026916058394160582	0.005730865042553299	0.020449087372184677	0.026179952414737976
0.004105839416058394	7.178539096444795e-5	0.004643139203770604	0.004714924594735052
0.0006843065693430657	8.380236016746491e-7	0.0012819982035279507	0.0012828362271296253
0.0010264598540145986	9.623639463453291e-9	0.0003832688666113605	0.00038327849025082396
0.00011405109489051095	1.0937863279179831e-10	0.00011968229623139469	0.00011968240561002748
