Plasmid_68	Plasmid_68_contaminant	Plasmid_68_expression	Plasmid_68_mixture
0.9999032975534281	0.9998551265282339	4.810979200283229e-5	0.9999032363202367
0	5.030922604159324e-6	3.160561472947313e-5	3.663653733363245e-5
0	1.265692477715497e-11	2.0728158743549795e-5	2.0728171400474572e-5
9.670244657189827e-5	2.1228411753888584e-17	1.3586677917477839e-5	1.3586677917499069e-5
