Plasmid_24	Plasmid_24_contaminant	Plasmid_24_expression	Plasmid_24_mixture
0.9956150473113317	0.981144029117792	0.014471009819387702	0.9956150389371796
0.0034618047542118624	0.00012790706756108527	0.0033446913176824818	0.0034725983852435666
0.0006923609508423724	6.12939923157428e-8	0.0007209319782404627	0.0007209932722327785
0.00023078698361412417	2.866701955488582e-11	0.00015167301829013588	0.0001516730469571554
