Plasmid_1	Plasmid_1_noise	Plasmid_1_expression	Plasmid_1_mixture
0.98375	0.9741985102772074	0.009551323159011344	0.9837498334362187
0.0055	0.00161912973927392	0.0039010793405129377	0.0055202090797868576
0.002625	1.3119732775505877e-5	0.002464672227141099	0.002477791959916605
0.001	1.1386970457697002e-7	0.0017444175235374036	0.0017445313932419805
0.0015	1.02378700509332e-9	0.0013005340137170762	0.0013005350375040812
0.001375	9.388012583148622e-12	0.0009990328263469145	0.000999032835734927
0.0015	8.715452182592783e-14	0.0007824925959027662	0.0007824925959899208
0.000625	8.158600750205707e-16	0.000621312952491042	0.0006213129524918579
0	7.682628440281142e-18	0.0004983500824271906	0.0004983500824271983
0.000375	7.26617452328055e-20	0.00040285179392757534	0.0004028517939275754
0.0005	6.89531314200976e-22	0.00032767722681312624	0.00032767722681312624
0.00025	6.5605205641528616e-24	0.0002678772357510701	0.0002678772357510701
0.000125	6.255027313727064e-26	0.00021990783484175078	0.00021990783484175078
0.000125	5.973865662997487e-28	0.0001811655799273573	0.0001811655799273573
0	5.7132906752444305e-30	0.00014969864180126475	0.00014969864180126475
0.000125	5.470413322098712e-32	0.00012401942667477644	0.00012401942667477644
0	5.242959677348679e-34	0.00010297875252537483	0.00010297875252537483
0	5.0291080437599136e-36	8.567886455605692e-5	8.567886455605692e-5
0	4.827375893191862e-38	7.141180585447677e-5	7.141180585447677e-5
0.000125	4.636539584630079e-40	5.961483158298283e-5	5.961483158298283e-5
0	4.455576206313014e-42	4.983757259349313e-5	4.983757259349313e-5
0.000125	4.28362069030604e-44	4.171747837815206e-5	4.171747837815206e-5
0	4.119933682690374e-46	3.496120678410333e-5	3.496120678410333e-5
0	3.9638771252472883e-48	2.9330357226618954e-5	2.9330357226618954e-5
0	3.8148954559870312e-50	2.4630423410259798e-5	2.4630423410259798e-5
0.000125	3.6725009639829075e-52	2.0702163578780325e-5	2.0702163578780325e-5
0.000125	3.536262256783754e-54	1.7414807013805303e-5	1.7414807013805303e-5
0	3.4057950883844756e-56	1.4660669505877624e-5	1.4660669505877624e-5
0	3.280754997476e-58	1.2350859744609124e-5	1.2350859744609124e-5
0	3.16083134828131e-60	1.04118371869522e-5	1.04118371869522e-5
0.000125	3.045742468443765e-62	8.782639303858834e-6	8.782639303858834e-6
